{
  "\n": 21,
  "\r": 20,
  " ": 0,
  "!": 79,
  "\"": 88,
  "#": 77,
  "$": 85,
  "%": 80,
  "&": 90,
  "'": 78,
  "(": 55,
  ")": 56,
  "*": 83,
  "+": 70,
  ",": 23,
  "-": 32,
  ".": 25,
  "/": 68,
  "0": 36,
  "1": 43,
  "2": 37,
  "3": 72,
  "4": 57,
  "5": 63,
  "6": 51,
  "7": 62,
  "8": 52,
  "9": 58,
  ":": 60,
  ";": 74,
  "?": 87,
  "@": 67,
  "A": 27,
  "B": 61,
  "C": 29,
  "D": 28,
  "E": 44,
  "F": 46,
  "G": 65,
  "H": 45,
  "I": 34,
  "J": 73,
  "K": 69,
  "L": 64,
  "M": 42,
  "N": 31,
  "O": 47,
  "P": 41,
  "Q": 75,
  "R": 50,
  "S": 39,
  "T": 35,
  "U": 30,
  "V": 54,
  "W": 38,
  "Y": 33,
  "Z": 76,
  "a": 3,
  "b": 24,
  "c": 13,
  "d": 12,
  "e": 1,
  "f": 15,
  "g": 17,
  "h": 10,
  "i": 6,
  "j": 53,
  "k": 26,
  "l": 9,
  "m": 14,
  "n": 5,
  "o": 4,
  "p": 16,
  "q": 48,
  "r": 7,
  "s": 8,
  "t": 2,
  "u": 11,
  "v": 22,
  "w": 19,
  "x": 40,
  "y": 18,
  "z": 49,
  "\u00e8": 89,
  "\u00e9": 86,
  "\u00eb": 66,
  "\u2013": 71,
  "\u2014": 84,
  "\u2019": 59,
  "\u201c": 81,
  "\u201d": 82
}