{
  "\t": 18,
  "\n": 2,
  "\r": 38,
  " ": 0,
  "!": 56,
  "\"": 64,
  "#": 78,
  "$": 89,
  "%": 88,
  "&": 81,
  "'": 40,
  "(": 52,
  ")": 51,
  "*": 79,
  "+": 94,
  ",": 33,
  "-": 34,
  ".": 12,
  "/": 75,
  "0": 65,
  "1": 58,
  "2": 63,
  "3": 66,
  "4": 69,
  "5": 70,
  "6": 71,
  "7": 74,
  "8": 73,
  "9": 72,
  ":": 62,
  ";": 77,
  "<": 87,
  "=": 86,
  ">": 85,
  "?": 53,
  "@": 95,
  "A": 25,
  "B": 47,
  "C": 37,
  "D": 41,
  "E": 19,
  "F": 50,
  "G": 43,
  "H": 36,
  "I": 26,
  "J": 55,
  "K": 49,
  "L": 35,
  "M": 42,
  "N": 27,
  "O": 29,
  "P": 46,
  "Q": 76,
  "R": 31,
  "S": 30,
  "T": 21,
  "U": 44,
  "V": 54,
  "W": 45,
  "X": 61,
  "Y": 48,
  "Z": 67,
  "[": 82,
  "\\": 93,
  "]": 80,
  "^": 92,
  "_": 83,
  "`": 84,
  "a": 5,
  "b": 28,
  "c": 15,
  "d": 13,
  "e": 1,
  "f": 22,
  "g": 16,
  "h": 9,
  "i": 8,
  "j": 60,
  "k": 32,
  "l": 11,
  "m": 17,
  "n": 7,
  "o": 4,
  "p": 24,
  "q": 68,
  "r": 10,
  "s": 6,
  "t": 3,
  "u": 14,
  "v": 39,
  "w": 23,
  "x": 57,
  "y": 20,
  "z": 59,
  "{": 91,
  "|": 96,
  "}": 90,
  "~": 97
}