{
  "\t": 48,
  "\n": 8,
  "\r": 7,
  " ": 0,
  "!": 50,
  "\"": 69,
  "#": 86,
  "$": 100,
  "%": 90,
  "&": 93,
  "'": 40,
  "(": 55,
  ")": 56,
  "*": 94,
  ",": 27,
  "-": 33,
  ".": 13,
  "/": 70,
  "0": 67,
  "1": 64,
  "2": 68,
  "3": 72,
  "4": 78,
  "5": 76,
  "6": 73,
  "7": 80,
  "8": 77,
  "9": 81,
  ":": 51,
  ";": 88,
  "<": 103,
  "=": 99,
  ">": 98,
  "?": 49,
  "A": 26,
  "B": 42,
  "C": 38,
  "D": 41,
  "E": 25,
  "F": 53,
  "G": 45,
  "H": 37,
  "I": 23,
  "J": 63,
  "K": 54,
  "L": 35,
  "M": 39,
  "N": 28,
  "O": 32,
  "P": 43,
  "Q": 74,
  "R": 34,
  "S": 30,
  "T": 24,
  "U": 47,
  "V": 58,
  "W": 44,
  "X": 65,
  "Y": 46,
  "Z": 79,
  "[": 60,
  "\\": 109,
  "]": 62,
  "_": 57,
  "`": 91,
  "a": 4,
  "b": 29,
  "c": 17,
  "d": 14,
  "e": 1,
  "f": 22,
  "g": 16,
  "h": 11,
  "i": 9,
  "j": 61,
  "k": 31,
  "l": 12,
  "m": 18,
  "n": 5,
  "o": 3,
  "p": 21,
  "q": 71,
  "r": 10,
  "s": 6,
  "t": 2,
  "u": 15,
  "v": 36,
  "w": 20,
  "x": 59,
  "y": 19,
  "z": 66,
  "{": 107,
  "|": 113,
  "~": 111,
  "\u00a1": 104,
  "\u00ad": 82,
  "\u00af": 89,
  "\u00bf": 105,
  "\u00c3": 108,
  "\u00c9": 102,
  "\u00d6": 95,
  "\u00e0": 114,
  "\u00e1": 106,
  "\u00e9": 97,
  "\u00f1": 110,
  "\u00f6": 96,
  "\u00fb": 112,
  "\u2013": 92,
  "\u2014": 101,
  "\u2018": 87,
  "\u2019": 52,
  "\u201c": 84,
  "\u201d": 83,
  "\u2026": 75,
  "\u266a": 85
}